Order_ID,Order_Date,Customer_ID,Product_ID,Quantity,Discount_Percent,Payment_Method,Order_Status,Customer_Rating,Customer_Name,Gender,Age,City,State,Registration_Date,Product,Category,Unit_Price,Unit_Cost,Gross_Sales,Discount_Amount,Net_Sales,Total_Cost,Profit,Profit_Margin,Order_Size,Customer_Type,Year,Month,Year_Month
O0001,2024-01-12,C014,P008,2,25,Credit Card,Delivered,4.0,Isha Singh,Female,46,Mumbai,Maharashtra,2023-08-27,Denim Jeans,Fashion,2199,1100,4398,1099.5,3298.5,2200,1098.5,33.303016522661814,Medium,Regular,2024,January,2024-01
O0002,2024-01-23,C027,P015,3,20,Debit Card,Delivered,2.0,Rohan Verma,Male,29,Hyderabad,Telangana,2024-04-04,Wall Clock,Home Decor,999,430,2997,599.4,2397.6,1290,1107.6,46.19619619619619,Medium,Regular,2024,January,2024-01
O0003,2024-02-03,C040,P022,4,15,Cash on Delivery,Delivered,5.0,Simran Sharma,Female,48,Kolkata,West Bengal,2023-01-31,Dumbbell Set,Fitness,3499,2200,13996,2099.4,11896.6,8800,3096.6000000000004,26.029285678261015,Large,High-Value,2024,February,2024-02
O0004,2024-02-14,C003,P004,1,10,Net Banking,Delivered,3.0,Arjun Verma,Male,41,Gurugram,Haryana,2023-02-21,Laptop Stand,Electronics,1499,800,1499,149.9,1349.1,800,549.0999999999999,40.701208212882655,Medium,Regular,2024,February,2024-02
O0005,2024-02-25,C016,P011,2,5,UPI,Delivered,1.0,Pooja Sharma,Female,24,Bengaluru,Karnataka,2023-09-30,Mixer Grinder,Home Appliances,3799,2450,7598,379.9,7218.1,4900,2318.1000000000004,32.115099541430574,Large,High-Value,2024,February,2024-02
O0006,2024-03-07,C029,P018,3,0,Credit Card,Delivered,4.0,Vivek Das,Male,43,Jaipur,Rajasthan,2024-05-08,Study Table,Furniture,7299,4700,21897,0.0,21897.0,14100,7797.0,35.60761748184682,Large,High-Value,2024,March,2024-03
O0007,2024-03-18,C042,P025,4,25,Debit Card,Delivered,2.0,Aditi Khan,Female,26,Delhi,Delhi,2023-03-06,Coffee Maker,Home Appliances,5299,3400,21196,5299.0,15897.0,13600,2297.0,14.449267157325282,Large,High-Value,2024,March,2024-03
O0008,2024-03-29,C005,P007,1,20,Cash on Delivery,Returned,5.0,Kabir Das,Male,55,Pune,Maharashtra,2023-03-27,Casual Shirt,Fashion,1299,620,1299,259.8,1039.2,620,419.20000000000005,40.3387220939184,Medium,Regular,2024,March,2024-03
O0009,2024-04-09,C018,P014,2,15,Net Banking,Cancelled,3.0,Ritika Khan,Female,38,Chennai,Tamil Nadu,2023-11-03,Table Lamp,Home Decor,1199,570,2398,359.7,2038.3,1140,898.3,44.07103959181671,Medium,Regular,2024,April,2024-04
O0010,2024-04-20,C031,P021,3,10,UPI,Delivered,1.0,Rahul Patel,Male,21,Noida,Uttar Pradesh,2024-06-11,Yoga Mat,Fitness,1299,610,3897,389.7,3507.3,1830,1677.3000000000002,47.82311179539817,Medium,Regular,2024,April,2024-04
O0011,2024-05-01,C044,P003,4,5,Credit Card,Delivered,4.0,Ananya Mehta,Female,40,Mumbai,Maharashtra,2023-04-09,Smart Watch,Electronics,4999,3100,19996,999.8,18996.2,12400,6596.200000000001,34.723786862635684,Large,High-Value,2024,May,2024-05
O0012,2024-05-12,C007,P010,1,0,Debit Card,Delivered,2.0,Rohan Patel,Male,33,Hyderabad,Telangana,2023-04-30,Winter Jacket,Fashion,4499,2500,4499,0.0,4499.0,2500,1999.0,44.432096021338076,Medium,High-Value,2024,May,2024-05
O0013,2024-05-23,C020,P017,2,25,Cash on Delivery,Delivered,5.0,Simran Mehta,Female,52,Kolkata,West Bengal,2023-12-07,Office Chair,Furniture,8499,5600,16998,4249.5,12748.5,11200,1548.5,12.146527042397144,Large,High-Value,2024,May,2024-05
O0014,2024-06-03,C033,P024,3,20,Net Banking,Delivered,3.0,Aman Gupta,Male,35,Gurugram,Haryana,2024-07-15,Hair Dryer,Beauty,2299,1320,6897,1379.4,5517.6,3960,1557.6000000000004,28.229665071770338,Large,High-Value,2024,June,2024-06
O0015,2024-06-14,C046,P006,4,15,UPI,Delivered,1.0,Meera Singh,Female,54,Bengaluru,Karnataka,2023-05-13,Running Shoes,Fashion,3299,1900,13196,1979.4,11216.6,7600,3616.6000000000004,32.24328227805218,Large,High-Value,2024,June,2024-06
O0016,2024-06-25,C009,P013,1,10,Credit Card,Delivered,4.0,Vivek Gupta,Male,47,Jaipur,Rajasthan,2023-06-03,Air Fryer,Home Appliances,6999,4350,6999,699.9,6299.1,4350,1949.1000000000004,30.942515597466308,Large,High-Value,2024,June,2024-06
O0017,2024-07-06,C022,P020,2,5,Debit Card,Delivered,2.0,Aditi Singh,Female,30,Delhi,Delhi,2024-01-10,Data Science Handbook,Books,999,410,1998,99.9,1898.1,820,1078.1,56.79890416732521,Medium,Regular,2024,July,2024-07
O0018,2024-07-17,C035,P002,3,0,Cash on Delivery,Returned,5.0,Nikhil Verma,Male,49,Pune,Maharashtra,2024-08-18,Bluetooth Speaker,Electronics,2499,1550,7497,0.0,7497.0,4650,2847.0,37.975190076030415,Large,High-Value,2024,July,2024-07
O0019,2024-07-28,C048,P009,4,25,Net Banking,Cancelled,3.0,Kavya Sharma,Female,32,Chennai,Tamil Nadu,2023-06-16,Handbag,Fashion,2799,1450,11196,2799.0,8397.0,5800,2597.0,30.92771227819459,Large,High-Value,2024,July,2024-07
O0020,2024-08-08,C011,P016,1,20,UPI,Delivered,1.0,Rahul Verma,Male,25,Noida,Uttar Pradesh,2023-07-07,Bedsheet Set,Home Decor,1799,850,1799,359.8,1439.2,850,589.2,40.939410783768764,Medium,Regular,2024,August,2024-08
O0021,2024-08-19,C024,P023,2,15,Credit Card,Delivered,4.0,Ananya Sharma,Female,44,Mumbai,Maharashtra,2024-02-13,Skin Care Kit,Beauty,1999,1050,3998,599.7,3398.3,2100,1298.3000000000002,38.20439631580497,Medium,Regular,2024,August,2024-08
O0022,2024-08-30,C037,P005,3,10,Debit Card,Delivered,2.0,Sanjay Das,Male,27,Hyderabad,Telangana,2024-09-21,USB-C Hub,Electronics,1899,1050,5697,569.7,5127.3,3150,1977.3000000000002,38.56415657363525,Large,High-Value,2024,August,2024-08
O0023,2024-09-10,C050,P012,4,5,Cash on Delivery,Delivered,5.0,Neha Khan,Female,46,Kolkata,West Bengal,2023-07-20,Electric Kettle,Home Appliances,1599,880,6396,319.8,6076.2,3520,2556.2,42.069056318093544,Large,High-Value,2024,September,2024-09
O0024,2024-09-21,C013,P019,1,0,Net Banking,Delivered,3.0,Aman Das,Male,39,Gurugram,Haryana,2023-08-10,Python for Analysts,Books,699,290,699,0.0,699.0,290,409.0,58.51216022889842,Small,Regular,2024,September,2024-09
O0025,2024-10-02,C026,P001,2,25,UPI,Delivered,1.0,Meera Khan,Female,22,Bengaluru,Karnataka,2024-03-18,Wireless Mouse,Electronics,899,510,1798,449.5,1348.5,1020,328.5,24.360400444938822,Medium,Regular,2024,October,2024-10
O0026,2024-10-13,C039,P008,3,20,Credit Card,Delivered,4.0,Varun Patel,Male,41,Jaipur,Rajasthan,2023-01-14,Denim Jeans,Fashion,2199,1100,6597,1319.4,5277.6,3300,1977.6000000000004,37.47157798999546,Large,High-Value,2024,October,2024-10
O0027,2024-10-24,C002,P015,4,15,Debit Card,Delivered,2.0,Aditi Khan,Female,34,Delhi,Delhi,2023-02-04,Wall Clock,Home Decor,999,430,3996,599.4,3396.6,1720,1676.6,49.36112583171406,Medium,Regular,2024,October,2024-10
O0028,2024-11-04,C015,P022,1,10,Cash on Delivery,Returned,5.0,Nikhil Patel,Male,53,Pune,Maharashtra,2023-09-13,Dumbbell Set,Fitness,3499,2200,3499,349.9,3149.1,2200,949.0999999999999,30.13876980724651,Medium,Regular,2024,November,2024-11
O0029,2024-11-15,C028,P004,2,5,Net Banking,Cancelled,3.0,Kavya Mehta,Female,36,Chennai,Tamil Nadu,2024-04-21,Laptop Stand,Electronics,1499,800,2998,149.9,2848.1,1600,1248.1,43.82219725430989,Medium,Regular,2024,November,2024-11
O0030,2024-11-26,C041,P011,3,0,UPI,Delivered,1.0,Aarav Gupta,Male,55,Noida,Uttar Pradesh,2023-02-17,Mixer Grinder,Home Appliances,3799,2450,11397,0.0,11397.0,7350,4047.0,35.50934456435904,Large,High-Value,2024,November,2024-11
O0031,2024-12-07,C004,P018,4,25,Credit Card,Delivered,4.0,Ananya Mehta,Female,48,Mumbai,Maharashtra,2023-03-10,Study Table,Furniture,7299,4700,29196,7299.0,21897.0,18800,3097.0,14.14348997579577,Large,High-Value,2024,December,2024-12
O0032,2024-12-18,C017,P025,1,20,Debit Card,Delivered,2.0,Sanjay Gupta,Male,31,Hyderabad,Telangana,2023-10-17,Coffee Maker,Home Appliances,5299,3400,5299,1059.8,4239.2,3400,839.1999999999998,19.796187959992448,Medium,Regular,2024,December,2024-12
O0033,2024-12-29,C030,P007,2,15,Cash on Delivery,Delivered,5.0,Neha Singh,Female,50,Kolkata,West Bengal,2024-05-25,Casual Shirt,Fashion,1299,620,2598,389.7,2208.3,1240,968.3000000000002,43.84820902957026,Medium,Regular,2024,December,2024-12
O0034,2025-01-09,C043,P014,3,10,Net Banking,Delivered,3.0,Arjun Verma,Male,33,Gurugram,Haryana,2023-03-23,Table Lamp,Home Decor,1199,570,3597,359.7,3237.3,1710,1527.3000000000002,47.17820405893801,Medium,Regular,2025,January,2025-01
O0035,2025-01-20,C006,P021,4,5,UPI,Delivered,1.0,Meera Singh,Female,26,Bengaluru,Karnataka,2023-04-13,Yoga Mat,Fitness,1299,610,5196,259.8,4936.2,2440,2496.2,50.56926380616669,Medium,High-Value,2025,January,2025-01
O0036,2025-01-31,C019,P003,1,0,Credit Card,Delivered,4.0,Varun Verma,Male,45,Jaipur,Rajasthan,2023-11-20,Smart Watch,Electronics,4999,3100,4999,0.0,4999.0,3100,1899.0,37.9875975195039,Medium,High-Value,2025,January,2025-01
O0037,2025-02-11,C032,P010,2,25,Debit Card,Delivered,2.0,Priya Sharma,Female,28,Delhi,Delhi,2024-06-28,Winter Jacket,Fashion,4499,2500,8998,2249.5,6748.5,5000,1748.5,25.909461361784096,Large,High-Value,2025,February,2025-02
O0038,2025-02-22,C045,P017,3,20,Cash on Delivery,Returned,3.0,Kabir Das,Male,47,Pune,Maharashtra,2023-04-26,Office Chair,Furniture,8499,5600,25497,5099.4,20397.6,16800,3597.5999999999985,17.637369102247316,Large,High-Value,2025,February,2025-02
O0039,2025-03-05,C008,P024,4,15,Net Banking,Cancelled,3.0,Kavya Sharma,Female,40,Chennai,Tamil Nadu,2023-05-17,Hair Dryer,Beauty,2299,1320,9196,1379.4,7816.6,5280,2536.6000000000004,32.45144947931326,Large,High-Value,2025,March,2025-03
O0040,2025-03-16,C021,P006,1,10,UPI,Delivered,1.0,Aarav Das,Male,23,Noida,Uttar Pradesh,2023-12-24,Running Shoes,Fashion,3299,1900,3299,329.9,2969.1,1900,1069.1,36.00754437371594,Medium,Regular,2025,March,2025-03
O0041,2025-03-27,C034,P013,2,5,Credit Card,Delivered,4.0,Isha Khan,Female,42,Mumbai,Maharashtra,2024-08-01,Air Fryer,Home Appliances,6999,4350,13998,699.9,13298.1,8700,4598.1,34.57712003970492,Large,High-Value,2025,March,2025-03
O0042,2025-04-07,C047,P020,3,0,Debit Card,Delivered,2.0,Rohan Patel,Male,25,Hyderabad,Telangana,2023-05-30,Data Science Handbook,Books,999,410,2997,0.0,2997.0,1230,1767.0,58.95895895895896,Medium,Regular,2025,April,2025-04
O0043,2025-04-18,C010,P002,4,25,Cash on Delivery,Delivered,5.0,Neha Khan,Female,54,Kolkata,West Bengal,2023-06-20,Bluetooth Speaker,Electronics,2499,1550,9996,2499.0,7497.0,6200,1297.0,17.300253434707216,Large,High-Value,2025,April,2025-04
O0044,2025-04-29,C023,P009,1,20,Net Banking,Delivered,3.0,Arjun Patel,Male,37,Gurugram,Haryana,2024-01-27,Handbag,Fashion,2799,1450,2799,559.8,2239.2,1450,789.1999999999998,35.24473026080743,Medium,Regular,2025,April,2025-04
O0045,2025-05-10,C036,P016,2,15,UPI,Delivered,1.0,Pooja Mehta,Female,20,Bengaluru,Karnataka,2024-09-04,Bedsheet Set,Home Decor,1799,850,3598,539.7,3058.3,1700,1358.3000000000002,44.4135630906059,Medium,Regular,2025,May,2025-05
O0046,2025-05-21,C049,P023,3,10,Credit Card,Delivered,4.0,Vivek Gupta,Male,39,Jaipur,Rajasthan,2023-07-03,Skin Care Kit,Beauty,1999,1050,5997,599.7,5397.3,3150,2247.3,41.63748540937136,Large,High-Value,2025,May,2025-05
O0047,2025-06-01,C012,P005,4,5,Debit Card,Delivered,2.0,Priya Mehta,Female,32,Delhi,Delhi,2023-07-24,USB-C Hub,Electronics,1899,1050,7596,379.8,7216.2,4200,3016.2,41.79762201712813,Large,High-Value,2025,June,2025-06
O0048,2025-06-12,C025,P012,1,0,Cash on Delivery,Returned,5.0,Kabir Gupta,Male,51,Pune,Maharashtra,2024-03-01,Electric Kettle,Home Appliances,1599,880,1599,0.0,1599.0,880,719.0,44.96560350218887,Medium,Regular,2025,June,2025-06
O0049,2025-06-23,C038,P019,2,25,Net Banking,Cancelled,3.0,Ritika Singh,Female,34,Chennai,Tamil Nadu,2024-10-08,Python for Analysts,Books,699,290,1398,349.5,1048.5,580,468.5,44.682880305197905,Medium,Regular,2025,June,2025-06
O0050,2025-07-04,C001,P001,3,20,UPI,Delivered,1.0,Aarav Gupta,Male,27,Noida,Uttar Pradesh,2023-01-18,Wireless Mouse,Electronics,899,510,2697,539.4,2157.6,1530,627.5999999999999,29.087875417130142,Medium,Regular,2025,July,2025-07
O0051,2025-07-15,C014,P008,4,15,Credit Card,Delivered,4.0,Isha Singh,Female,46,Mumbai,Maharashtra,2023-08-27,Denim Jeans,Fashion,2199,1100,8796,1319.4,7476.6,4400,3076.6000000000004,41.149720461172194,Large,High-Value,2025,July,2025-07
O0052,2025-07-26,C027,P015,1,10,Debit Card,Delivered,2.0,Rohan Verma,Male,29,Hyderabad,Telangana,2024-04-04,Wall Clock,Home Decor,999,430,999,99.9,899.1,430,469.1,52.174396618841065,Small,Regular,2025,July,2025-07
O0053,2025-08-06,C040,P022,2,5,Cash on Delivery,Delivered,5.0,Simran Sharma,Female,48,Kolkata,West Bengal,2023-01-31,Dumbbell Set,Fitness,3499,2200,6998,349.9,6648.1,4400,2248.1000000000004,33.8156766594967,Large,High-Value,2025,August,2025-08
O0054,2025-08-17,C003,P004,3,0,Net Banking,Delivered,3.0,Arjun Verma,Male,41,Gurugram,Haryana,2023-02-21,Laptop Stand,Electronics,1499,800,4497,0.0,4497.0,2400,2097.0,46.63108739159439,Medium,High-Value,2025,August,2025-08
O0055,2025-08-28,C016,P011,4,25,UPI,Delivered,1.0,Pooja Sharma,Female,24,Bengaluru,Karnataka,2023-09-30,Mixer Grinder,Home Appliances,3799,2450,15196,3799.0,11397.0,9800,1597.0,14.01245941914539,Large,High-Value,2025,August,2025-08
O0056,2025-09-08,C029,P018,1,20,Credit Card,Delivered,4.0,Vivek Das,Male,43,Jaipur,Rajasthan,2024-05-08,Study Table,Furniture,7299,4700,7299,1459.8,5839.2,4700,1139.1999999999998,19.509521852308534,Large,High-Value,2025,September,2025-09
O0057,2025-09-19,C042,P025,2,15,Debit Card,Delivered,3.0,Aditi Khan,Female,26,Delhi,Delhi,2023-03-06,Coffee Maker,Home Appliances,5299,3400,10598,1589.7,9008.3,6800,2208.2999999999993,24.514059256463476,Large,High-Value,2025,September,2025-09
O0058,2025-09-30,C005,P007,3,10,Cash on Delivery,Returned,5.0,Kabir Das,Male,55,Pune,Maharashtra,2023-03-27,Casual Shirt,Fashion,1299,620,3897,389.7,3507.3,1860,1647.3000000000002,46.96775297237191,Medium,Regular,2025,September,2025-09
O0059,2025-10-11,C018,P014,4,5,Net Banking,Cancelled,3.0,Ritika Khan,Female,38,Chennai,Tamil Nadu,2023-11-03,Table Lamp,Home Decor,1199,570,4796,239.8,4556.2,2280,2276.2,49.95829858215179,Medium,High-Value,2025,October,2025-10
O0060,2025-10-22,C031,P021,1,0,UPI,Delivered,1.0,Rahul Patel,Male,21,Noida,Uttar Pradesh,2024-06-11,Yoga Mat,Fitness,1299,610,1299,0.0,1299.0,610,689.0,53.04080061585835,Medium,Regular,2025,October,2025-10
O0061,2025-11-02,C044,P003,2,25,Credit Card,Delivered,4.0,Ananya Mehta,Female,40,Mumbai,Maharashtra,2023-04-09,Smart Watch,Electronics,4999,3100,9998,2499.5,7498.5,6200,1298.5,17.31679669267187,Large,High-Value,2025,November,2025-11
O0062,2025-11-13,C007,P010,3,20,Debit Card,Delivered,2.0,Rohan Patel,Male,33,Hyderabad,Telangana,2023-04-30,Winter Jacket,Fashion,4499,2500,13497,2699.4,10797.6,7500,3297.6000000000004,30.540120026672597,Large,High-Value,2025,November,2025-11
O0063,2025-11-24,C020,P017,4,15,Cash on Delivery,Delivered,5.0,Simran Mehta,Female,52,Kolkata,West Bengal,2023-12-07,Office Chair,Furniture,8499,5600,33996,5099.4,28896.6,22400,6496.5999999999985,22.482229743291597,Large,High-Value,2025,November,2025-11
O0064,2025-12-05,C033,P024,1,10,Net Banking,Delivered,3.0,Aman Gupta,Male,35,Gurugram,Haryana,2024-07-15,Hair Dryer,Beauty,2299,1320,2299,229.9,2069.1,1320,749.0999999999999,36.20414673046252,Medium,Regular,2025,December,2025-12
O0065,2025-12-16,C046,P006,2,5,UPI,Delivered,1.0,Meera Singh,Female,54,Bengaluru,Karnataka,2023-05-13,Running Shoes,Fashion,3299,1900,6598,329.9,6268.1,3800,2468.1000000000004,39.375568354046685,Large,High-Value,2025,December,2025-12
O0066,2025-12-27,C009,P013,3,0,Credit Card,Delivered,4.0,Vivek Gupta,Male,47,Jaipur,Rajasthan,2023-06-03,Air Fryer,Home Appliances,6999,4350,20997,0.0,20997.0,13050,7947.0,37.84826403771967,Large,High-Value,2025,December,2025-12
O0067,2024-01-08,C022,P020,4,25,Debit Card,Delivered,2.0,Aditi Singh,Female,30,Delhi,Delhi,2024-01-10,Data Science Handbook,Books,999,410,3996,999.0,2997.0,1640,1357.0,45.27861194527861,Medium,Regular,2024,January,2024-01
O0068,2024-01-19,C035,P002,1,20,Cash on Delivery,Returned,5.0,Nikhil Verma,Male,49,Pune,Maharashtra,2024-08-18,Bluetooth Speaker,Electronics,2499,1550,2499,499.8,1999.2,1550,449.20000000000005,22.46898759503802,Medium,Regular,2024,January,2024-01
O0069,2024-01-30,C048,P009,2,15,Net Banking,Cancelled,3.0,Kavya Sharma,Female,32,Chennai,Tamil Nadu,2023-06-16,Handbag,Fashion,2799,1450,5598,839.7,4758.3,2900,1858.3000000000002,39.053863774877584,Medium,High-Value,2024,January,2024-01
O0070,2024-02-10,C011,P016,3,10,UPI,Delivered,1.0,Rahul Verma,Male,25,Noida,Uttar Pradesh,2023-07-07,Bedsheet Set,Home Decor,1799,850,5397,539.7,4857.3,2550,2307.3,47.50169847446112,Medium,High-Value,2024,February,2024-02
O0071,2024-02-21,C024,P023,4,5,Credit Card,Delivered,4.0,Ananya Sharma,Female,44,Mumbai,Maharashtra,2024-02-13,Skin Care Kit,Beauty,1999,1050,7996,399.8,7596.2,4200,3396.2,44.709196703614964,Large,High-Value,2024,February,2024-02
O0072,2024-03-03,C037,P005,1,0,Debit Card,Delivered,2.0,Sanjay Das,Male,27,Hyderabad,Telangana,2024-09-21,USB-C Hub,Electronics,1899,1050,1899,0.0,1899.0,1050,849.0,44.70774091627172,Medium,Regular,2024,March,2024-03
O0073,2024-03-14,C050,P012,2,25,Cash on Delivery,Delivered,5.0,Neha Khan,Female,46,Kolkata,West Bengal,2023-07-20,Electric Kettle,Home Appliances,1599,880,3198,799.5,2398.5,1760,638.5,26.62080466958516,Medium,Regular,2024,March,2024-03
O0074,2024-03-25,C013,P019,3,20,Net Banking,Delivered,3.0,Aman Das,Male,39,Gurugram,Haryana,2023-08-10,Python for Analysts,Books,699,290,2097,419.4,1677.6,870,807.5999999999999,48.14020028612303,Medium,Regular,2024,March,2024-03
O0075,2024-04-05,C026,P001,4,15,UPI,Delivered,1.0,Meera Khan,Female,22,Bengaluru,Karnataka,2024-03-18,Wireless Mouse,Electronics,899,510,3596,539.4,3056.6,2040,1016.5999999999999,33.25917686318131,Medium,Regular,2024,April,2024-04
O0076,2024-04-16,C039,P008,1,10,Credit Card,Delivered,3.0,Varun Patel,Male,41,Jaipur,Rajasthan,2023-01-14,Denim Jeans,Fashion,2199,1100,2199,219.9,1979.1,1100,879.0999999999999,44.41918043555151,Medium,Regular,2024,April,2024-04
O0077,2024-04-27,C002,P015,2,5,Debit Card,Delivered,2.0,Aditi Khan,Female,34,Delhi,Delhi,2023-02-04,Wall Clock,Home Decor,999,430,1998,99.9,1898.1,860,1038.1,54.69153363890206,Medium,Regular,2024,April,2024-04
O0078,2024-05-08,C015,P022,3,0,Cash on Delivery,Returned,5.0,Nikhil Patel,Male,53,Pune,Maharashtra,2023-09-13,Dumbbell Set,Fitness,3499,2200,10497,0.0,10497.0,6600,3897.0,37.124892826521865,Large,High-Value,2024,May,2024-05
O0079,2024-05-19,C028,P004,4,25,Net Banking,Cancelled,3.0,Kavya Mehta,Female,36,Chennai,Tamil Nadu,2024-04-21,Laptop Stand,Electronics,1499,800,5996,1499.0,4497.0,3200,1297.0,28.841449855459196,Medium,High-Value,2024,May,2024-05
O0080,2024-05-30,C041,P011,1,20,UPI,Delivered,1.0,Aarav Gupta,Male,55,Noida,Uttar Pradesh,2023-02-17,Mixer Grinder,Home Appliances,3799,2450,3799,759.8,3039.2,2450,589.1999999999998,19.386680705448796,Medium,Regular,2024,May,2024-05
O0081,2024-06-10,C004,P018,2,15,Credit Card,Delivered,4.0,Ananya Mehta,Female,48,Mumbai,Maharashtra,2023-03-10,Study Table,Furniture,7299,4700,14598,2189.7,12408.3,9400,3008.2999999999993,24.244255860996265,Large,High-Value,2024,June,2024-06
O0082,2024-06-21,C017,P025,3,10,Debit Card,Delivered,2.0,Sanjay Gupta,Male,31,Hyderabad,Telangana,2023-10-17,Coffee Maker,Home Appliances,5299,3400,15897,1589.7,14307.3,10200,4107.299999999999,28.7077226311044,Large,High-Value,2024,June,2024-06
O0083,2024-07-02,C030,P007,4,5,Cash on Delivery,Delivered,5.0,Neha Singh,Female,50,Kolkata,West Bengal,2024-05-25,Casual Shirt,Fashion,1299,620,5196,259.8,4936.2,2480,2456.2,49.75892386856286,Medium,High-Value,2024,July,2024-07
O0084,2024-07-13,C043,P014,1,0,Net Banking,Delivered,3.0,Arjun Verma,Male,33,Gurugram,Haryana,2023-03-23,Table Lamp,Home Decor,1199,570,1199,0.0,1199.0,570,629.0,52.460383653044204,Medium,Regular,2024,July,2024-07
O0085,2024-07-24,C006,P021,2,25,UPI,Delivered,1.0,Meera Singh,Female,26,Bengaluru,Karnataka,2023-04-13,Yoga Mat,Fitness,1299,610,2598,649.5,1948.5,1220,728.5,37.387734154477805,Medium,Regular,2024,July,2024-07
O0086,2024-08-04,C019,P003,3,20,Credit Card,Delivered,4.0,Varun Verma,Male,45,Jaipur,Rajasthan,2023-11-20,Smart Watch,Electronics,4999,3100,14997,2999.4,11997.6,9300,2697.6000000000004,22.484496899379877,Large,High-Value,2024,August,2024-08
O0087,2024-08-15,C032,P010,4,15,Debit Card,Delivered,2.0,Priya Sharma,Female,28,Delhi,Delhi,2024-06-28,Winter Jacket,Fashion,4499,2500,17996,2699.4,15296.6,10000,5296.6,34.62599531922127,Large,High-Value,2024,August,2024-08
O0088,2024-08-26,C045,P017,1,10,Cash on Delivery,Returned,5.0,Kabir Das,Male,47,Pune,Maharashtra,2023-04-26,Office Chair,Furniture,8499,5600,8499,849.9,7649.1,5600,2049.1000000000004,26.788772535330956,Large,High-Value,2024,August,2024-08
O0089,2024-09-06,C008,P024,2,5,Net Banking,Cancelled,3.0,Kavya Sharma,Female,40,Chennai,Tamil Nadu,2023-05-17,Hair Dryer,Beauty,2299,1320,4598,229.9,4368.1,2640,1728.1000000000004,39.56182321833292,Medium,Regular,2024,September,2024-09
O0090,2024-09-17,C021,P006,3,0,UPI,Delivered,1.0,Aarav Das,Male,23,Noida,Uttar Pradesh,2023-12-24,Running Shoes,Fashion,3299,1900,9897,0.0,9897.0,5700,4197.0,42.406789936344346,Large,High-Value,2024,September,2024-09
O0091,2024-09-28,C034,P013,4,25,Credit Card,Delivered,4.0,Isha Khan,Female,42,Mumbai,Maharashtra,2024-08-01,Air Fryer,Home Appliances,6999,4350,27996,6999.0,20997.0,17400,3597.0,17.131018716959563,Large,High-Value,2024,September,2024-09
O0092,2024-10-09,C047,P020,1,20,Debit Card,Delivered,2.0,Rohan Patel,Male,25,Hyderabad,Telangana,2023-05-30,Data Science Handbook,Books,999,410,999,199.8,799.2,410,389.20000000000005,48.6986986986987,Small,Regular,2024,October,2024-10
O0093,2024-10-20,C010,P002,2,15,Cash on Delivery,Delivered,5.0,Neha Khan,Female,54,Kolkata,West Bengal,2023-06-20,Bluetooth Speaker,Electronics,2499,1550,4998,749.7,4248.3,3100,1148.3000000000002,27.029635383565193,Medium,Regular,2024,October,2024-10
O0094,2024-10-31,C023,P009,3,10,Net Banking,Delivered,3.0,Arjun Patel,Male,37,Gurugram,Haryana,2024-01-27,Handbag,Fashion,2799,1450,8397,839.7,7557.3,4350,3207.3,42.43976023182883,Large,High-Value,2024,October,2024-10
O0095,2024-11-11,C036,P016,4,5,UPI,Delivered,3.0,Pooja Mehta,Female,20,Bengaluru,Karnataka,2024-09-04,Bedsheet Set,Home Decor,1799,850,7196,359.8,6836.2,3400,3436.2,50.26476697580527,Large,High-Value,2024,November,2024-11
O0096,2024-11-22,C049,P023,1,0,Credit Card,Delivered,4.0,Vivek Gupta,Male,39,Jaipur,Rajasthan,2023-07-03,Skin Care Kit,Beauty,1999,1050,1999,0.0,1999.0,1050,949.0,47.473736868434216,Medium,Regular,2024,November,2024-11
O0097,2024-12-03,C012,P005,2,25,Debit Card,Delivered,2.0,Priya Mehta,Female,32,Delhi,Delhi,2023-07-24,USB-C Hub,Electronics,1899,1050,3798,949.5,2848.5,2100,748.5,26.276987888362296,Medium,Regular,2024,December,2024-12
O0098,2024-12-14,C025,P012,3,20,Cash on Delivery,Returned,5.0,Kabir Gupta,Male,51,Pune,Maharashtra,2024-03-01,Electric Kettle,Home Appliances,1599,880,4797,959.4,3837.6,2640,1197.6,31.207004377736087,Medium,Regular,2024,December,2024-12
O0099,2024-12-25,C038,P019,4,15,Net Banking,Cancelled,3.0,Ritika Singh,Female,34,Chennai,Tamil Nadu,2024-10-08,Python for Analysts,Books,699,290,2796,419.4,2376.6,1160,1216.6,51.1907767398805,Medium,Regular,2024,December,2024-12
O0100,2025-01-05,C001,P001,1,10,UPI,Delivered,1.0,Aarav Gupta,Male,27,Noida,Uttar Pradesh,2023-01-18,Wireless Mouse,Electronics,899,510,899,89.9,809.1,510,299.1,36.96700037078236,Small,Regular,2025,January,2025-01
O0101,2025-01-16,C014,P008,2,5,Credit Card,Delivered,4.0,Isha Singh,Female,46,Mumbai,Maharashtra,2023-08-27,Denim Jeans,Fashion,2199,1100,4398,219.9,4178.1,2200,1978.1000000000004,47.34448672841723,Medium,Regular,2025,January,2025-01
O0102,2025-01-27,C027,P015,3,0,Debit Card,Delivered,2.0,Rohan Verma,Male,29,Hyderabad,Telangana,2024-04-04,Wall Clock,Home Decor,999,430,2997,0.0,2997.0,1290,1707.0,56.95695695695696,Medium,Regular,2025,January,2025-01
O0103,2025-02-07,C040,P022,4,25,Cash on Delivery,Delivered,5.0,Simran Sharma,Female,48,Kolkata,West Bengal,2023-01-31,Dumbbell Set,Fitness,3499,2200,13996,3499.0,10497.0,8800,1697.0,16.166523768695818,Large,High-Value,2025,February,2025-02
O0104,2025-02-18,C003,P004,1,20,Net Banking,Delivered,3.0,Arjun Verma,Male,41,Gurugram,Haryana,2023-02-21,Laptop Stand,Electronics,1499,800,1499,299.8,1199.2,800,399.20000000000005,33.28885923949299,Medium,Regular,2025,February,2025-02
O0105,2025-03-01,C016,P011,2,15,UPI,Delivered,1.0,Pooja Sharma,Female,24,Bengaluru,Karnataka,2023-09-30,Mixer Grinder,Home Appliances,3799,2450,7598,1139.7,6458.3,4900,1558.3000000000002,24.128640663951817,Large,High-Value,2025,March,2025-03
O0106,2025-03-12,C029,P018,3,10,Credit Card,Delivered,4.0,Vivek Das,Male,43,Jaipur,Rajasthan,2024-05-08,Study Table,Furniture,7299,4700,21897,2189.7,19707.3,14100,5607.299999999999,28.45290831316314,Large,High-Value,2025,March,2025-03
O0107,2025-03-23,C042,P025,4,5,Debit Card,Delivered,2.0,Aditi Khan,Female,26,Delhi,Delhi,2023-03-06,Coffee Maker,Home Appliances,5299,3400,21196,1059.8,20136.2,13600,6536.200000000001,32.45994775578312,Large,High-Value,2025,March,2025-03
O0108,2025-04-03,C005,P007,1,0,Cash on Delivery,Returned,5.0,Kabir Das,Male,55,Pune,Maharashtra,2023-03-27,Casual Shirt,Fashion,1299,620,1299,0.0,1299.0,620,679.0,52.27097767513472,Medium,Regular,2025,April,2025-04
O0109,2025-04-14,C018,P014,2,25,Net Banking,Cancelled,3.0,Ritika Khan,Female,38,Chennai,Tamil Nadu,2023-11-03,Table Lamp,Home Decor,1199,570,2398,599.5,1798.5,1140,658.5,36.6138448707256,Medium,Regular,2025,April,2025-04
O0110,2025-04-25,C031,P021,3,20,UPI,Delivered,1.0,Rahul Patel,Male,21,Noida,Uttar Pradesh,2024-06-11,Yoga Mat,Fitness,1299,610,3897,779.4,3117.6,1830,1287.6,41.301000769822934,Medium,Regular,2025,April,2025-04
O0111,2025-05-06,C044,P003,4,15,Credit Card,Delivered,4.0,Ananya Mehta,Female,40,Mumbai,Maharashtra,2023-04-09,Smart Watch,Electronics,4999,3100,19996,2999.4,16996.6,12400,4596.5999999999985,27.044232375886935,Large,High-Value,2025,May,2025-05
O0112,2025-05-17,C007,P010,1,10,Debit Card,Delivered,2.0,Rohan Patel,Male,33,Hyderabad,Telangana,2023-04-30,Winter Jacket,Fashion,4499,2500,4499,449.9,4049.1,2500,1549.1,38.257884468153414,Medium,Regular,2025,May,2025-05
O0113,2025-05-28,C020,P017,2,5,Cash on Delivery,Delivered,5.0,Simran Mehta,Female,52,Kolkata,West Bengal,2023-12-07,Office Chair,Furniture,8499,5600,16998,849.9,16148.1,11200,4948.1,30.64199503347143,Large,High-Value,2025,May,2025-05
O0114,2025-06-08,C033,P024,3,0,Net Banking,Delivered,3.0,Aman Gupta,Male,35,Gurugram,Haryana,2024-07-15,Hair Dryer,Beauty,2299,1320,6897,0.0,6897.0,3960,2937.0,42.58373205741627,Large,High-Value,2025,June,2025-06
O0115,2025-06-19,C046,P006,4,25,UPI,Delivered,1.0,Meera Singh,Female,54,Bengaluru,Karnataka,2023-05-13,Running Shoes,Fashion,3299,1900,13196,3299.0,9897.0,7600,2297.0,23.20905324845913,Large,High-Value,2025,June,2025-06
O0116,2025-06-30,C009,P013,1,20,Credit Card,Delivered,4.0,Vivek Gupta,Male,47,Jaipur,Rajasthan,2023-06-03,Air Fryer,Home Appliances,6999,4350,6999,1399.8,5599.2,4350,1249.1999999999998,22.31033004714959,Large,High-Value,2025,June,2025-06
O0117,2025-07-11,C022,P020,2,15,Debit Card,Delivered,2.0,Aditi Singh,Female,30,Delhi,Delhi,2024-01-10,Data Science Handbook,Books,999,410,1998,299.7,1698.3,820,878.3,51.71642230465759,Medium,Regular,2025,July,2025-07
O0118,2025-07-22,C035,P002,3,10,Cash on Delivery,Returned,5.0,Nikhil Verma,Male,49,Pune,Maharashtra,2024-08-18,Bluetooth Speaker,Electronics,2499,1550,7497,749.7,6747.3,4650,2097.3,31.08354452892268,Large,High-Value,2025,July,2025-07
O0119,2025-08-02,C048,P009,4,5,Net Banking,Cancelled,3.0,Kavya Sharma,Female,32,Chennai,Tamil Nadu,2023-06-16,Handbag,Fashion,2799,1450,11196,559.8,10636.2,5800,4836.200000000001,45.46924653541679,Large,High-Value,2025,August,2025-08
O0120,2025-08-13,C011,P016,1,0,UPI,Delivered,1.0,Rahul Verma,Male,25,Noida,Uttar Pradesh,2023-07-07,Bedsheet Set,Home Decor,1799,850,1799,0.0,1799.0,850,949.0,52.75152862701501,Medium,Regular,2025,August,2025-08
O0121,2025-08-24,C024,P023,2,25,Credit Card,Delivered,4.0,Ananya Sharma,Female,44,Mumbai,Maharashtra,2024-02-13,Skin Care Kit,Beauty,1999,1050,3998,999.5,2998.5,2100,898.5,29.964982491245625,Medium,Regular,2025,August,2025-08
O0122,2025-09-04,C037,P005,3,20,Debit Card,Delivered,2.0,Sanjay Das,Male,27,Hyderabad,Telangana,2024-09-21,USB-C Hub,Electronics,1899,1050,5697,1139.4,4557.6,3150,1407.6000000000004,30.884676145339657,Medium,High-Value,2025,September,2025-09
O0123,2025-09-15,C050,P012,4,15,Cash on Delivery,Delivered,5.0,Neha Khan,Female,46,Kolkata,West Bengal,2023-07-20,Electric Kettle,Home Appliances,1599,880,6396,959.4,5436.6,3520,1916.6000000000004,35.25365117904573,Large,High-Value,2025,September,2025-09
O0124,2025-09-26,C013,P019,1,10,Net Banking,Delivered,3.0,Aman Das,Male,39,Gurugram,Haryana,2023-08-10,Python for Analysts,Books,699,290,699,69.9,629.1,290,339.1,53.90240025433158,Small,Regular,2025,September,2025-09
O0125,2025-10-07,C026,P001,2,5,UPI,Delivered,1.0,Meera Khan,Female,22,Bengaluru,Karnataka,2024-03-18,Wireless Mouse,Electronics,899,510,1798,89.9,1708.1,1020,688.0999999999999,40.28452666705696,Medium,Regular,2025,October,2025-10
O0126,2025-10-18,C039,P008,3,0,Credit Card,Delivered,4.0,Varun Patel,Male,41,Jaipur,Rajasthan,2023-01-14,Denim Jeans,Fashion,2199,1100,6597,0.0,6597.0,3300,3297.0,49.97726239199636,Large,High-Value,2025,October,2025-10
O0127,2025-10-29,C002,P015,4,25,Debit Card,Delivered,2.0,Aditi Khan,Female,34,Delhi,Delhi,2023-02-04,Wall Clock,Home Decor,999,430,3996,999.0,2997.0,1720,1277.0,42.60927594260927,Medium,Regular,2025,October,2025-10
O0128,2025-11-09,C015,P022,1,20,Cash on Delivery,Returned,5.0,Nikhil Patel,Male,53,Pune,Maharashtra,2023-09-13,Dumbbell Set,Fitness,3499,2200,3499,699.8,2799.2,2200,599.1999999999998,21.406116033152326,Medium,Regular,2025,November,2025-11
O0129,2025-11-20,C028,P004,2,15,Net Banking,Cancelled,3.0,Kavya Mehta,Female,36,Chennai,Tamil Nadu,2024-04-21,Laptop Stand,Electronics,1499,800,2998,449.7,2548.3,1600,948.3000000000002,37.21304399011106,Medium,Regular,2025,November,2025-11
O0130,2025-12-01,C041,P011,3,10,UPI,Delivered,1.0,Aarav Gupta,Male,55,Noida,Uttar Pradesh,2023-02-17,Mixer Grinder,Home Appliances,3799,2450,11397,1139.7,10257.3,7350,2907.2999999999993,28.343716182621154,Large,High-Value,2025,December,2025-12
O0131,2025-12-12,C004,P018,4,5,Credit Card,Delivered,4.0,Ananya Mehta,Female,48,Mumbai,Maharashtra,2023-03-10,Study Table,Furniture,7299,4700,29196,1459.8,27736.2,18800,8936.2,32.21854471773351,Large,High-Value,2025,December,2025-12
O0132,2025-12-23,C017,P025,1,0,Debit Card,Delivered,2.0,Sanjay Gupta,Male,31,Hyderabad,Telangana,2023-10-17,Coffee Maker,Home Appliances,5299,3400,5299,0.0,5299.0,3400,1899.0,35.836950367993964,Large,High-Value,2025,December,2025-12
O0133,2024-01-04,C030,P007,2,25,Cash on Delivery,Delivered,3.0,Neha Singh,Female,50,Kolkata,West Bengal,2024-05-25,Casual Shirt,Fashion,1299,620,2598,649.5,1948.5,1240,708.5,36.361303566846296,Medium,Regular,2024,January,2024-01
O0134,2024-01-15,C043,P014,3,20,Net Banking,Delivered,3.0,Arjun Verma,Male,33,Gurugram,Haryana,2023-03-23,Table Lamp,Home Decor,1199,570,3597,719.4,2877.6,1710,1167.6,40.57547956630525,Medium,Regular,2024,January,2024-01
O0135,2024-01-26,C006,P021,4,15,UPI,Delivered,1.0,Meera Singh,Female,26,Bengaluru,Karnataka,2023-04-13,Yoga Mat,Fitness,1299,610,5196,779.4,4416.6,2440,1976.6000000000004,44.753883077480424,Medium,Regular,2024,January,2024-01
O0136,2024-02-06,C019,P003,1,10,Credit Card,Delivered,4.0,Varun Verma,Male,45,Jaipur,Rajasthan,2023-11-20,Smart Watch,Electronics,4999,3100,4999,499.9,4499.1,3100,1399.1000000000004,31.09733057722656,Medium,High-Value,2024,February,2024-02
O0137,2024-02-17,C032,P010,2,5,Debit Card,Delivered,2.0,Priya Sharma,Female,28,Delhi,Delhi,2024-06-28,Winter Jacket,Fashion,4499,2500,8998,449.9,8548.1,5000,3548.1000000000004,41.50746949614535,Large,High-Value,2024,February,2024-02
O0138,2024-02-28,C045,P017,3,0,Cash on Delivery,Returned,5.0,Kabir Das,Male,47,Pune,Maharashtra,2023-04-26,Office Chair,Furniture,8499,5600,25497,0.0,25497.0,16800,8697.0,34.10989528179786,Large,High-Value,2024,February,2024-02
O0139,2024-03-10,C008,P024,4,25,Net Banking,Cancelled,3.0,Kavya Sharma,Female,40,Chennai,Tamil Nadu,2023-05-17,Hair Dryer,Beauty,2299,1320,9196,2299.0,6897.0,5280,1617.0,23.444976076555022,Large,High-Value,2024,March,2024-03
O0140,2024-03-21,C021,P006,1,20,UPI,Delivered,1.0,Aarav Das,Male,23,Noida,Uttar Pradesh,2023-12-24,Running Shoes,Fashion,3299,1900,3299,659.8,2639.2,1900,739.1999999999998,28.008487420430427,Medium,Regular,2024,March,2024-03
O0141,2024-04-01,C034,P013,2,15,Credit Card,Delivered,4.0,Isha Khan,Female,42,Mumbai,Maharashtra,2024-08-01,Air Fryer,Home Appliances,6999,4350,13998,2099.7,11898.3,8700,3198.2999999999993,26.880310632611376,Large,High-Value,2024,April,2024-04
O0142,2024-04-12,C047,P020,3,10,Debit Card,Delivered,2.0,Rohan Patel,Male,25,Hyderabad,Telangana,2023-05-30,Data Science Handbook,Books,999,410,2997,299.7,2697.3,1230,1467.3000000000002,54.39884328773218,Medium,Regular,2024,April,2024-04
O0143,2024-04-23,C010,P002,4,5,Cash on Delivery,Delivered,5.0,Neha Khan,Female,54,Kolkata,West Bengal,2023-06-20,Bluetooth Speaker,Electronics,2499,1550,9996,499.8,9496.2,6200,3296.2000000000007,34.71072639582149,Large,High-Value,2024,April,2024-04
O0144,2024-05-04,C023,P009,1,0,Net Banking,Delivered,3.0,Arjun Patel,Male,37,Gurugram,Haryana,2024-01-27,Handbag,Fashion,2799,1450,2799,0.0,2799.0,1450,1349.0,48.19578420864595,Medium,Regular,2024,May,2024-05
O0145,2024-05-15,C036,P016,2,25,UPI,Delivered,1.0,Pooja Mehta,Female,20,Bengaluru,Karnataka,2024-09-04,Bedsheet Set,Home Decor,1799,850,3598,899.5,2698.5,1700,998.5,37.00203816935335,Medium,Regular,2024,May,2024-05
O0146,2024-05-26,C049,P023,3,20,Credit Card,Delivered,4.0,Vivek Gupta,Male,39,Jaipur,Rajasthan,2023-07-03,Skin Care Kit,Beauty,1999,1050,5997,1199.4,4797.6,3150,1647.6000000000004,34.34217108554278,Medium,High-Value,2024,May,2024-05
O0147,2024-06-06,C012,P005,4,15,Debit Card,Delivered,2.0,Priya Mehta,Female,32,Delhi,Delhi,2023-07-24,USB-C Hub,Electronics,1899,1050,7596,1139.4,6456.6,4200,2256.6000000000004,34.950283430907916,Large,High-Value,2024,June,2024-06
O0148,2024-06-17,C025,P012,1,10,Cash on Delivery,Returned,5.0,Kabir Gupta,Male,51,Pune,Maharashtra,2024-03-01,Electric Kettle,Home Appliances,1599,880,1599,159.9,1439.1,880,559.0999999999999,38.85067055798763,Medium,Regular,2024,June,2024-06
O0149,2024-06-28,C038,P019,2,5,Net Banking,Cancelled,3.0,Ritika Singh,Female,34,Chennai,Tamil Nadu,2024-10-08,Python for Analysts,Books,699,290,1398,69.9,1328.1,580,748.0999999999999,56.32858971462992,Medium,Regular,2024,June,2024-06
O0150,2024-07-09,C001,P001,3,0,UPI,Delivered,1.0,Aarav Gupta,Male,27,Noida,Uttar Pradesh,2023-01-18,Wireless Mouse,Electronics,899,510,2697,0.0,2697.0,1530,1167.0,43.270300333704114,Medium,Regular,2024,July,2024-07
O0151,2024-07-20,C014,P008,4,25,Credit Card,Delivered,4.0,Isha Singh,Female,46,Mumbai,Maharashtra,2023-08-27,Denim Jeans,Fashion,2199,1100,8796,2199.0,6597.0,4400,2197.0,33.303016522661814,Large,High-Value,2024,July,2024-07
O0152,2024-07-31,C027,P015,1,20,Debit Card,Delivered,3.0,Rohan Verma,Male,29,Hyderabad,Telangana,2024-04-04,Wall Clock,Home Decor,999,430,999,199.8,799.2,430,369.20000000000005,46.1961961961962,Small,Regular,2024,July,2024-07
O0153,2024-08-11,C040,P022,2,15,Cash on Delivery,Delivered,5.0,Simran Sharma,Female,48,Kolkata,West Bengal,2023-01-31,Dumbbell Set,Fitness,3499,2200,6998,1049.7,5948.3,4400,1548.3000000000002,26.029285678261015,Large,High-Value,2024,August,2024-08
O0154,2024-08-22,C003,P004,3,10,Net Banking,Delivered,3.0,Arjun Verma,Male,41,Gurugram,Haryana,2023-02-21,Laptop Stand,Electronics,1499,800,4497,449.7,4047.3,2400,1647.3000000000002,40.70120821288267,Medium,Regular,2024,August,2024-08
O0155,2024-09-02,C016,P011,4,5,UPI,Delivered,1.0,Pooja Sharma,Female,24,Bengaluru,Karnataka,2023-09-30,Mixer Grinder,Home Appliances,3799,2450,15196,759.8,14436.2,9800,4636.200000000001,32.115099541430574,Large,High-Value,2024,September,2024-09
O0156,2024-09-13,C029,P018,1,0,Credit Card,Delivered,4.0,Vivek Das,Male,43,Jaipur,Rajasthan,2024-05-08,Study Table,Furniture,7299,4700,7299,0.0,7299.0,4700,2599.0,35.60761748184682,Large,High-Value,2024,September,2024-09
O0157,2024-09-24,C042,P025,2,25,Debit Card,Delivered,2.0,Aditi Khan,Female,26,Delhi,Delhi,2023-03-06,Coffee Maker,Home Appliances,5299,3400,10598,2649.5,7948.5,6800,1148.5,14.449267157325282,Large,High-Value,2024,September,2024-09
O0158,2024-10-05,C005,P007,3,20,Cash on Delivery,Returned,5.0,Kabir Das,Male,55,Pune,Maharashtra,2023-03-27,Casual Shirt,Fashion,1299,620,3897,779.4,3117.6,1860,1257.6,40.33872209391839,Medium,Regular,2024,October,2024-10
O0159,2024-10-16,C018,P014,4,15,Net Banking,Cancelled,3.0,Ritika Khan,Female,38,Chennai,Tamil Nadu,2023-11-03,Table Lamp,Home Decor,1199,570,4796,719.4,4076.6,2280,1796.6,44.07103959181671,Medium,Regular,2024,October,2024-10
O0160,2024-10-27,C031,P021,1,10,UPI,Delivered,1.0,Rahul Patel,Male,21,Noida,Uttar Pradesh,2024-06-11,Yoga Mat,Fitness,1299,610,1299,129.9,1169.1,610,559.0999999999999,47.82311179539816,Medium,Regular,2024,October,2024-10
O0161,2024-11-07,C044,P003,2,5,Credit Card,Delivered,4.0,Ananya Mehta,Female,40,Mumbai,Maharashtra,2023-04-09,Smart Watch,Electronics,4999,3100,9998,499.9,9498.1,6200,3298.1000000000004,34.723786862635684,Large,High-Value,2024,November,2024-11
O0162,2024-11-18,C007,P010,3,0,Debit Card,Delivered,2.0,Rohan Patel,Male,33,Hyderabad,Telangana,2023-04-30,Winter Jacket,Fashion,4499,2500,13497,0.0,13497.0,7500,5997.0,44.432096021338076,Large,High-Value,2024,November,2024-11
O0163,2024-11-29,C020,P017,4,25,Cash on Delivery,Delivered,5.0,Simran Mehta,Female,52,Kolkata,West Bengal,2023-12-07,Office Chair,Furniture,8499,5600,33996,8499.0,25497.0,22400,3097.0,12.146527042397144,Large,High-Value,2024,November,2024-11
O0164,2024-12-10,C033,P024,1,20,Net Banking,Delivered,3.0,Aman Gupta,Male,35,Gurugram,Haryana,2024-07-15,Hair Dryer,Beauty,2299,1320,2299,459.8,1839.2,1320,519.2,28.229665071770338,Medium,Regular,2024,December,2024-12
O0165,2024-12-21,C046,P006,2,15,UPI,Delivered,1.0,Meera Singh,Female,54,Bengaluru,Karnataka,2023-05-13,Running Shoes,Fashion,3299,1900,6598,989.7,5608.3,3800,1808.3000000000002,32.24328227805218,Large,High-Value,2024,December,2024-12
O0166,2025-01-01,C009,P013,3,10,Credit Card,Delivered,4.0,Vivek Gupta,Male,47,Jaipur,Rajasthan,2023-06-03,Air Fryer,Home Appliances,6999,4350,20997,2099.7,18897.3,13050,5847.299999999999,30.942515597466304,Large,High-Value,2025,January,2025-01
O0167,2025-01-12,C022,P020,4,5,Debit Card,Delivered,2.0,Aditi Singh,Female,30,Delhi,Delhi,2024-01-10,Data Science Handbook,Books,999,410,3996,199.8,3796.2,1640,2156.2,56.79890416732521,Medium,Regular,2025,January,2025-01
O0168,2025-01-23,C035,P002,1,0,Cash on Delivery,Returned,5.0,Nikhil Verma,Male,49,Pune,Maharashtra,2024-08-18,Bluetooth Speaker,Electronics,2499,1550,2499,0.0,2499.0,1550,949.0,37.975190076030415,Medium,Regular,2025,January,2025-01
O0169,2025-02-03,C048,P009,2,25,Net Banking,Cancelled,3.0,Kavya Sharma,Female,32,Chennai,Tamil Nadu,2023-06-16,Handbag,Fashion,2799,1450,5598,1399.5,4198.5,2900,1298.5,30.92771227819459,Medium,Regular,2025,February,2025-02
O0170,2025-02-14,C011,P016,3,20,UPI,Delivered,1.0,Rahul Verma,Male,25,Noida,Uttar Pradesh,2023-07-07,Bedsheet Set,Home Decor,1799,850,5397,1079.4,4317.6,2550,1767.6000000000004,40.939410783768764,Medium,Regular,2025,February,2025-02
O0171,2025-02-25,C024,P023,4,15,Credit Card,Delivered,3.0,Ananya Sharma,Female,44,Mumbai,Maharashtra,2024-02-13,Skin Care Kit,Beauty,1999,1050,7996,1199.4,6796.6,4200,2596.6000000000004,38.20439631580497,Large,High-Value,2025,February,2025-02
O0172,2025-03-08,C037,P005,1,10,Debit Card,Delivered,2.0,Sanjay Das,Male,27,Hyderabad,Telangana,2024-09-21,USB-C Hub,Electronics,1899,1050,1899,189.9,1709.1,1050,659.0999999999999,38.564156573635245,Medium,Regular,2025,March,2025-03
O0173,2025-03-19,C050,P012,2,5,Cash on Delivery,Delivered,5.0,Neha Khan,Female,46,Kolkata,West Bengal,2023-07-20,Electric Kettle,Home Appliances,1599,880,3198,159.9,3038.1,1760,1278.1,42.069056318093544,Medium,Regular,2025,March,2025-03
O0174,2025-03-30,C013,P019,3,0,Net Banking,Delivered,3.0,Aman Das,Male,39,Gurugram,Haryana,2023-08-10,Python for Analysts,Books,699,290,2097,0.0,2097.0,870,1227.0,58.51216022889842,Medium,Regular,2025,March,2025-03
O0175,2025-04-10,C026,P001,4,25,UPI,Delivered,1.0,Meera Khan,Female,22,Bengaluru,Karnataka,2024-03-18,Wireless Mouse,Electronics,899,510,3596,899.0,2697.0,2040,657.0,24.360400444938822,Medium,Regular,2025,April,2025-04
O0176,2025-04-21,C039,P008,1,20,Credit Card,Delivered,4.0,Varun Patel,Male,41,Jaipur,Rajasthan,2023-01-14,Denim Jeans,Fashion,2199,1100,2199,439.8,1759.2,1100,659.2,37.47157798999545,Medium,Regular,2025,April,2025-04
O0177,2025-05-02,C002,P015,2,15,Debit Card,Delivered,2.0,Aditi Khan,Female,34,Delhi,Delhi,2023-02-04,Wall Clock,Home Decor,999,430,1998,299.7,1698.3,860,838.3,49.36112583171406,Medium,Regular,2025,May,2025-05
O0178,2025-05-13,C015,P022,3,10,Cash on Delivery,Returned,5.0,Nikhil Patel,Male,53,Pune,Maharashtra,2023-09-13,Dumbbell Set,Fitness,3499,2200,10497,1049.7,9447.3,6600,2847.2999999999993,30.138769807246508,Large,High-Value,2025,May,2025-05
O0179,2025-05-24,C028,P004,4,5,Net Banking,Cancelled,3.0,Kavya Mehta,Female,36,Chennai,Tamil Nadu,2024-04-21,Laptop Stand,Electronics,1499,800,5996,299.8,5696.2,3200,2496.2,43.82219725430989,Large,High-Value,2025,May,2025-05
O0180,2025-06-04,C041,P011,1,0,UPI,Delivered,1.0,Aarav Gupta,Male,55,Noida,Uttar Pradesh,2023-02-17,Mixer Grinder,Home Appliances,3799,2450,3799,0.0,3799.0,2450,1349.0,35.50934456435904,Medium,Regular,2025,June,2025-06
O0181,2025-06-15,C004,P018,2,25,Credit Card,Delivered,4.0,Ananya Mehta,Female,48,Mumbai,Maharashtra,2023-03-10,Study Table,Furniture,7299,4700,14598,3649.5,10948.5,9400,1548.5,14.14348997579577,Large,High-Value,2025,June,2025-06
O0182,2025-06-26,C017,P025,3,20,Debit Card,Delivered,2.0,Sanjay Gupta,Male,31,Hyderabad,Telangana,2023-10-17,Coffee Maker,Home Appliances,5299,3400,15897,3179.4,12717.6,10200,2517.6000000000004,19.796187959992455,Large,High-Value,2025,June,2025-06
O0183,2025-07-07,C030,P007,4,15,Cash on Delivery,Delivered,5.0,Neha Singh,Female,50,Kolkata,West Bengal,2024-05-25,Casual Shirt,Fashion,1299,620,5196,779.4,4416.6,2480,1936.6000000000004,43.84820902957026,Medium,Regular,2025,July,2025-07
O0184,2025-07-18,C043,P014,1,10,Net Banking,Delivered,3.0,Arjun Verma,Male,33,Gurugram,Haryana,2023-03-23,Table Lamp,Home Decor,1199,570,1199,119.9,1079.1,570,509.0999999999999,47.178204058938,Medium,Regular,2025,July,2025-07
O0185,2025-07-29,C006,P021,2,5,UPI,Delivered,1.0,Meera Singh,Female,26,Bengaluru,Karnataka,2023-04-13,Yoga Mat,Fitness,1299,610,2598,129.9,2468.1,1220,1248.1,50.56926380616669,Medium,Regular,2025,July,2025-07
O0186,2025-08-09,C019,P003,3,0,Credit Card,Delivered,4.0,Varun Verma,Male,45,Jaipur,Rajasthan,2023-11-20,Smart Watch,Electronics,4999,3100,14997,0.0,14997.0,9300,5697.0,37.9875975195039,Large,High-Value,2025,August,2025-08
O0187,2025-08-20,C032,P010,4,25,Debit Card,Delivered,2.0,Priya Sharma,Female,28,Delhi,Delhi,2024-06-28,Winter Jacket,Fashion,4499,2500,17996,4499.0,13497.0,10000,3497.0,25.909461361784096,Large,High-Value,2025,August,2025-08
O0188,2025-08-31,C045,P017,1,20,Cash on Delivery,Returned,5.0,Kabir Das,Male,47,Pune,Maharashtra,2023-04-26,Office Chair,Furniture,8499,5600,8499,1699.8,6799.2,5600,1199.1999999999998,17.637369102247323,Large,High-Value,2025,August,2025-08
O0189,2025-09-11,C008,P024,2,15,Net Banking,Cancelled,3.0,Kavya Sharma,Female,40,Chennai,Tamil Nadu,2023-05-17,Hair Dryer,Beauty,2299,1320,4598,689.7,3908.3,2640,1268.3000000000002,32.45144947931326,Medium,Regular,2025,September,2025-09
O0190,2025-09-22,C021,P006,3,10,UPI,Delivered,3.0,Aarav Das,Male,23,Noida,Uttar Pradesh,2023-12-24,Running Shoes,Fashion,3299,1900,9897,989.7,8907.3,5700,3207.2999999999993,36.00754437371593,Large,High-Value,2025,September,2025-09
O0191,2025-10-03,C034,P013,4,5,Credit Card,Delivered,4.0,Isha Khan,Female,42,Mumbai,Maharashtra,2024-08-01,Air Fryer,Home Appliances,6999,4350,27996,1399.8,26596.2,17400,9196.2,34.57712003970492,Large,High-Value,2025,October,2025-10
O0192,2025-10-14,C047,P020,1,0,Debit Card,Delivered,2.0,Rohan Patel,Male,25,Hyderabad,Telangana,2023-05-30,Data Science Handbook,Books,999,410,999,0.0,999.0,410,589.0,58.95895895895896,Small,Regular,2025,October,2025-10
O0193,2025-10-25,C010,P002,2,25,Cash on Delivery,Delivered,5.0,Neha Khan,Female,54,Kolkata,West Bengal,2023-06-20,Bluetooth Speaker,Electronics,2499,1550,4998,1249.5,3748.5,3100,648.5,17.300253434707216,Medium,Regular,2025,October,2025-10
O0194,2025-11-05,C023,P009,3,20,Net Banking,Delivered,3.0,Arjun Patel,Male,37,Gurugram,Haryana,2024-01-27,Handbag,Fashion,2799,1450,8397,1679.4,6717.6,4350,2367.6000000000004,35.24473026080743,Large,High-Value,2025,November,2025-11
O0195,2025-11-16,C036,P016,4,15,UPI,Delivered,1.0,Pooja Mehta,Female,20,Bengaluru,Karnataka,2024-09-04,Bedsheet Set,Home Decor,1799,850,7196,1079.4,6116.6,3400,2716.6000000000004,44.4135630906059,Large,High-Value,2025,November,2025-11
O0196,2025-11-27,C049,P023,1,10,Credit Card,Delivered,4.0,Vivek Gupta,Male,39,Jaipur,Rajasthan,2023-07-03,Skin Care Kit,Beauty,1999,1050,1999,199.9,1799.1,1050,749.0999999999999,41.63748540937135,Medium,Regular,2025,November,2025-11
O0197,2025-12-08,C012,P005,2,5,Debit Card,Delivered,2.0,Priya Mehta,Female,32,Delhi,Delhi,2023-07-24,USB-C Hub,Electronics,1899,1050,3798,189.9,3608.1,2100,1508.1,41.79762201712813,Medium,Regular,2025,December,2025-12
O0198,2025-12-19,C025,P012,3,0,Cash on Delivery,Returned,5.0,Kabir Gupta,Male,51,Pune,Maharashtra,2024-03-01,Electric Kettle,Home Appliances,1599,880,4797,0.0,4797.0,2640,2157.0,44.96560350218887,Medium,High-Value,2025,December,2025-12
O0199,2025-12-30,C038,P019,4,25,Net Banking,Cancelled,3.0,Ritika Singh,Female,34,Chennai,Tamil Nadu,2024-10-08,Python for Analysts,Books,699,290,2796,699.0,2097.0,1160,937.0,44.682880305197905,Medium,Regular,2025,December,2025-12
O0200,2024-01-11,C001,P001,1,20,UPI,Delivered,1.0,Aarav Gupta,Male,27,Noida,Uttar Pradesh,2023-01-18,Wireless Mouse,Electronics,899,510,899,179.8,719.2,510,209.20000000000005,29.08787541713015,Small,Regular,2024,January,2024-01
O0201,2024-01-22,C014,P008,2,15,Credit Card,Delivered,4.0,Isha Singh,Female,46,Mumbai,Maharashtra,2023-08-27,Denim Jeans,Fashion,2199,1100,4398,659.7,3738.3,2200,1538.3000000000002,41.149720461172194,Medium,Regular,2024,January,2024-01
O0202,2024-02-02,C027,P015,3,10,Debit Card,Delivered,2.0,Rohan Verma,Male,29,Hyderabad,Telangana,2024-04-04,Wall Clock,Home Decor,999,430,2997,299.7,2697.3,1290,1407.3000000000002,52.174396618841065,Medium,Regular,2024,February,2024-02
O0203,2024-02-13,C040,P022,4,5,Cash on Delivery,Delivered,5.0,Simran Sharma,Female,48,Kolkata,West Bengal,2023-01-31,Dumbbell Set,Fitness,3499,2200,13996,699.8,13296.2,8800,4496.200000000001,33.8156766594967,Large,High-Value,2024,February,2024-02
O0204,2024-02-24,C003,P004,1,0,Net Banking,Delivered,3.0,Arjun Verma,Male,41,Gurugram,Haryana,2023-02-21,Laptop Stand,Electronics,1499,800,1499,0.0,1499.0,800,699.0,46.63108739159439,Medium,Regular,2024,February,2024-02
O0205,2024-03-06,C016,P011,2,25,UPI,Delivered,1.0,Pooja Sharma,Female,24,Bengaluru,Karnataka,2023-09-30,Mixer Grinder,Home Appliances,3799,2450,7598,1899.5,5698.5,4900,798.5,14.01245941914539,Large,High-Value,2024,March,2024-03
O0206,2024-03-17,C029,P018,3,20,Credit Card,Delivered,4.0,Vivek Das,Male,43,Jaipur,Rajasthan,2024-05-08,Study Table,Furniture,7299,4700,21897,4379.4,17517.6,14100,3417.5999999999985,19.509521852308527,Large,High-Value,2024,March,2024-03
O0207,2024-03-28,C042,P025,4,15,Debit Card,Delivered,2.0,Aditi Khan,Female,26,Delhi,Delhi,2023-03-06,Coffee Maker,Home Appliances,5299,3400,21196,3179.4,18016.6,13600,4416.5999999999985,24.514059256463476,Large,High-Value,2024,March,2024-03
O0208,2024-04-08,C005,P007,1,10,Cash on Delivery,Returned,5.0,Kabir Das,Male,55,Pune,Maharashtra,2023-03-27,Casual Shirt,Fashion,1299,620,1299,129.9,1169.1,620,549.0999999999999,46.967752972371905,Medium,Regular,2024,April,2024-04
O0209,2024-04-19,C018,P014,2,5,Net Banking,Cancelled,3.0,Ritika Khan,Female,38,Chennai,Tamil Nadu,2023-11-03,Table Lamp,Home Decor,1199,570,2398,119.9,2278.1,1140,1138.1,49.95829858215179,Medium,Regular,2024,April,2024-04
O0210,2024-04-30,C031,P021,3,0,UPI,Delivered,1.0,Rahul Patel,Male,21,Noida,Uttar Pradesh,2024-06-11,Yoga Mat,Fitness,1299,610,3897,0.0,3897.0,1830,2067.0,53.04080061585835,Medium,Regular,2024,April,2024-04
O0211,2024-05-11,C044,P003,4,25,Credit Card,Delivered,4.0,Ananya Mehta,Female,40,Mumbai,Maharashtra,2023-04-09,Smart Watch,Electronics,4999,3100,19996,4999.0,14997.0,12400,2597.0,17.31679669267187,Large,High-Value,2024,May,2024-05
O0212,2024-05-22,C007,P010,1,20,Debit Card,Delivered,2.0,Rohan Patel,Male,33,Hyderabad,Telangana,2023-04-30,Winter Jacket,Fashion,4499,2500,4499,899.8,3599.2,2500,1099.1999999999998,30.54012002667259,Medium,Regular,2024,May,2024-05
O0213,2024-06-02,C020,P017,2,15,Cash on Delivery,Delivered,5.0,Simran Mehta,Female,52,Kolkata,West Bengal,2023-12-07,Office Chair,Furniture,8499,5600,16998,2549.7,14448.3,11200,3248.2999999999993,22.482229743291597,Large,High-Value,2024,June,2024-06
O0214,2024-06-13,C033,P024,3,10,Net Banking,Delivered,3.0,Aman Gupta,Male,35,Gurugram,Haryana,2024-07-15,Hair Dryer,Beauty,2299,1320,6897,689.7,6207.3,3960,2247.3,36.20414673046252,Large,High-Value,2024,June,2024-06
O0215,2024-06-24,C046,P006,4,5,UPI,Delivered,1.0,Meera Singh,Female,54,Bengaluru,Karnataka,2023-05-13,Running Shoes,Fashion,3299,1900,13196,659.8,12536.2,7600,4936.200000000001,39.375568354046685,Large,High-Value,2024,June,2024-06
O0216,2024-07-05,C009,P013,1,0,Credit Card,Delivered,4.0,Vivek Gupta,Male,47,Jaipur,Rajasthan,2023-06-03,Air Fryer,Home Appliances,6999,4350,6999,0.0,6999.0,4350,2649.0,37.84826403771967,Large,High-Value,2024,July,2024-07
O0217,2024-07-16,C022,P020,2,25,Debit Card,Delivered,2.0,Aditi Singh,Female,30,Delhi,Delhi,2024-01-10,Data Science Handbook,Books,999,410,1998,499.5,1498.5,820,678.5,45.27861194527861,Medium,Regular,2024,July,2024-07
O0218,2024-07-27,C035,P002,3,20,Cash on Delivery,Returned,5.0,Nikhil Verma,Male,49,Pune,Maharashtra,2024-08-18,Bluetooth Speaker,Electronics,2499,1550,7497,1499.4,5997.6,4650,1347.6000000000004,22.46898759503802,Large,High-Value,2024,July,2024-07
O0219,2024-08-07,C048,P009,4,15,Net Banking,Cancelled,3.0,Kavya Sharma,Female,32,Chennai,Tamil Nadu,2023-06-16,Handbag,Fashion,2799,1450,11196,1679.4,9516.6,5800,3716.6000000000004,39.053863774877584,Large,High-Value,2024,August,2024-08
O0220,2024-08-18,C011,P016,1,10,UPI,Delivered,1.0,Rahul Verma,Male,25,Noida,Uttar Pradesh,2023-07-07,Bedsheet Set,Home Decor,1799,850,1799,179.9,1619.1,850,769.0999999999999,47.501698474461115,Medium,Regular,2024,August,2024-08
O0221,2024-08-29,C024,P023,2,5,Credit Card,Delivered,4.0,Ananya Sharma,Female,44,Mumbai,Maharashtra,2024-02-13,Skin Care Kit,Beauty,1999,1050,3998,199.9,3798.1,2100,1698.1,44.709196703614964,Medium,Regular,2024,August,2024-08
O0222,2024-09-09,C037,P005,3,0,Debit Card,Delivered,2.0,Sanjay Das,Male,27,Hyderabad,Telangana,2024-09-21,USB-C Hub,Electronics,1899,1050,5697,0.0,5697.0,3150,2547.0,44.70774091627172,Large,High-Value,2024,September,2024-09
O0223,2024-09-20,C050,P012,4,25,Cash on Delivery,Delivered,5.0,Neha Khan,Female,46,Kolkata,West Bengal,2023-07-20,Electric Kettle,Home Appliances,1599,880,6396,1599.0,4797.0,3520,1277.0,26.62080466958516,Medium,High-Value,2024,September,2024-09
O0224,2024-10-01,C013,P019,1,20,Net Banking,Delivered,3.0,Aman Das,Male,39,Gurugram,Haryana,2023-08-10,Python for Analysts,Books,699,290,699,139.8,559.2,290,269.20000000000005,48.14020028612303,Small,Regular,2024,October,2024-10
O0225,2024-10-12,C026,P001,2,15,UPI,Delivered,1.0,Meera Khan,Female,22,Bengaluru,Karnataka,2024-03-18,Wireless Mouse,Electronics,899,510,1798,269.7,1528.3,1020,508.29999999999995,33.25917686318131,Medium,Regular,2024,October,2024-10
O0226,2024-10-23,C039,P008,3,10,Credit Card,Delivered,4.0,Varun Patel,Male,41,Jaipur,Rajasthan,2023-01-14,Denim Jeans,Fashion,2199,1100,6597,659.7,5937.3,3300,2637.3,44.41918043555152,Large,High-Value,2024,October,2024-10
O0227,2024-11-03,C002,P015,4,5,Debit Card,Delivered,2.0,Aditi Khan,Female,34,Delhi,Delhi,2023-02-04,Wall Clock,Home Decor,999,430,3996,199.8,3796.2,1720,2076.2,54.69153363890206,Medium,Regular,2024,November,2024-11
O0228,2024-11-14,C015,P022,1,0,Cash on Delivery,Returned,3.0,Nikhil Patel,Male,53,Pune,Maharashtra,2023-09-13,Dumbbell Set,Fitness,3499,2200,3499,0.0,3499.0,2200,1299.0,37.124892826521865,Medium,Regular,2024,November,2024-11
O0229,2024-11-25,C028,P004,2,25,Net Banking,Cancelled,3.0,Kavya Mehta,Female,36,Chennai,Tamil Nadu,2024-04-21,Laptop Stand,Electronics,1499,800,2998,749.5,2248.5,1600,648.5,28.841449855459196,Medium,Regular,2024,November,2024-11
O0230,2024-12-06,C041,P011,3,20,UPI,Delivered,1.0,Aarav Gupta,Male,55,Noida,Uttar Pradesh,2023-02-17,Mixer Grinder,Home Appliances,3799,2450,11397,2279.4,9117.6,7350,1767.6000000000004,19.386680705448807,Large,High-Value,2024,December,2024-12
O0231,2024-12-17,C004,P018,4,15,Credit Card,Delivered,4.0,Ananya Mehta,Female,48,Mumbai,Maharashtra,2023-03-10,Study Table,Furniture,7299,4700,29196,4379.4,24816.6,18800,6016.5999999999985,24.244255860996265,Large,High-Value,2024,December,2024-12
O0232,2024-12-28,C017,P025,1,10,Debit Card,Delivered,2.0,Sanjay Gupta,Male,31,Hyderabad,Telangana,2023-10-17,Coffee Maker,Home Appliances,5299,3400,5299,529.9,4769.1,3400,1369.1000000000004,28.707722631104403,Medium,High-Value,2024,December,2024-12
O0233,2025-01-08,C030,P007,2,5,Cash on Delivery,Delivered,5.0,Neha Singh,Female,50,Kolkata,West Bengal,2024-05-25,Casual Shirt,Fashion,1299,620,2598,129.9,2468.1,1240,1228.1,49.75892386856286,Medium,Regular,2025,January,2025-01
O0234,2025-01-19,C043,P014,3,0,Net Banking,Delivered,3.0,Arjun Verma,Male,33,Gurugram,Haryana,2023-03-23,Table Lamp,Home Decor,1199,570,3597,0.0,3597.0,1710,1887.0,52.460383653044204,Medium,Regular,2025,January,2025-01
O0235,2025-01-30,C006,P021,4,25,UPI,Delivered,1.0,Meera Singh,Female,26,Bengaluru,Karnataka,2023-04-13,Yoga Mat,Fitness,1299,610,5196,1299.0,3897.0,2440,1457.0,37.387734154477805,Medium,Regular,2025,January,2025-01
O0236,2025-02-10,C019,P003,1,20,Credit Card,Delivered,4.0,Varun Verma,Male,45,Jaipur,Rajasthan,2023-11-20,Smart Watch,Electronics,4999,3100,4999,999.8,3999.2,3100,899.1999999999998,22.48449689937987,Medium,Regular,2025,February,2025-02
O0237,2025-02-21,C032,P010,2,15,Debit Card,Delivered,2.0,Priya Sharma,Female,28,Delhi,Delhi,2024-06-28,Winter Jacket,Fashion,4499,2500,8998,1349.7,7648.3,5000,2648.3,34.62599531922127,Large,High-Value,2025,February,2025-02
O0238,2025-03-04,C045,P017,3,10,Cash on Delivery,Returned,5.0,Kabir Das,Male,47,Pune,Maharashtra,2023-04-26,Office Chair,Furniture,8499,5600,25497,2549.7,22947.3,16800,6147.299999999999,26.788772535330953,Large,High-Value,2025,March,2025-03
O0239,2025-03-15,C008,P024,4,5,Net Banking,Cancelled,3.0,Kavya Sharma,Female,40,Chennai,Tamil Nadu,2023-05-17,Hair Dryer,Beauty,2299,1320,9196,459.8,8736.2,5280,3456.2000000000007,39.56182321833292,Large,High-Value,2025,March,2025-03
O0240,2025-03-26,C021,P006,1,0,UPI,Delivered,1.0,Aarav Das,Male,23,Noida,Uttar Pradesh,2023-12-24,Running Shoes,Fashion,3299,1900,3299,0.0,3299.0,1900,1399.0,42.406789936344346,Medium,Regular,2025,March,2025-03
O0241,2025-04-06,C034,P013,2,25,Credit Card,Delivered,4.0,Isha Khan,Female,42,Mumbai,Maharashtra,2024-08-01,Air Fryer,Home Appliances,6999,4350,13998,3499.5,10498.5,8700,1798.5,17.131018716959563,Large,High-Value,2025,April,2025-04
O0242,2025-04-17,C047,P020,3,20,Debit Card,Delivered,2.0,Rohan Patel,Male,25,Hyderabad,Telangana,2023-05-30,Data Science Handbook,Books,999,410,2997,599.4,2397.6,1230,1167.6,48.69869869869869,Medium,Regular,2025,April,2025-04
O0243,2025-04-28,C010,P002,4,15,Cash on Delivery,Delivered,5.0,Neha Khan,Female,54,Kolkata,West Bengal,2023-06-20,Bluetooth Speaker,Electronics,2499,1550,9996,1499.4,8496.6,6200,2296.6000000000004,27.029635383565193,Large,High-Value,2025,April,2025-04
O0244,2025-05-09,C023,P009,1,10,Net Banking,Delivered,3.0,Arjun Patel,Male,37,Gurugram,Haryana,2024-01-27,Handbag,Fashion,2799,1450,2799,279.9,2519.1,1450,1069.1,42.43976023182883,Medium,Regular,2025,May,2025-05
O0245,2025-05-20,C036,P016,2,5,UPI,Delivered,1.0,Pooja Mehta,Female,20,Bengaluru,Karnataka,2024-09-04,Bedsheet Set,Home Decor,1799,850,3598,179.9,3418.1,1700,1718.1,50.26476697580527,Medium,Regular,2025,May,2025-05
O0246,2025-05-31,C049,P023,3,0,Credit Card,Delivered,4.0,Vivek Gupta,Male,39,Jaipur,Rajasthan,2023-07-03,Skin Care Kit,Beauty,1999,1050,5997,0.0,5997.0,3150,2847.0,47.473736868434216,Large,High-Value,2025,May,2025-05
O0247,2025-06-11,C012,P005,4,25,Debit Card,Delivered,3.0,Priya Mehta,Female,32,Delhi,Delhi,2023-07-24,USB-C Hub,Electronics,1899,1050,7596,1899.0,5697.0,4200,1497.0,26.276987888362296,Large,High-Value,2025,June,2025-06
O0248,2025-06-22,C025,P012,1,20,Cash on Delivery,Returned,5.0,Kabir Gupta,Male,51,Pune,Maharashtra,2024-03-01,Electric Kettle,Home Appliances,1599,880,1599,319.8,1279.2,880,399.20000000000005,31.207004377736087,Medium,Regular,2025,June,2025-06
O0249,2025-07-03,C038,P019,2,15,Net Banking,Cancelled,3.0,Ritika Singh,Female,34,Chennai,Tamil Nadu,2024-10-08,Python for Analysts,Books,699,290,1398,209.7,1188.3,580,608.3,51.1907767398805,Medium,Regular,2025,July,2025-07
O0250,2025-07-14,C001,P001,3,10,UPI,Delivered,1.0,Aarav Gupta,Male,27,Noida,Uttar Pradesh,2023-01-18,Wireless Mouse,Electronics,899,510,2697,269.7,2427.3,1530,897.3000000000002,36.96700037078236,Medium,Regular,2025,July,2025-07
